especificacao,categoria,subcategoria,trimestre,periodo,ano,mes,valor
Exportacao.Total(mil_t),Exportacao,Total(mil_t),1,Jan_2013,2013,Jan,932.857
Exportacao.milhoes(dolar),Exportacao,milhoes(dolar),1,Jan_2013,2013,Jan,573.5
Importacao.Total(mil_t),Importacao,Total(mil_t),1,Jan_2013,2013,Jan,278.84900000000005
Importacao.milhoes(dolar),Importacao,milhoes(dolar),1,Jan_2013,2013,Jan,369.978
Exportacao.Total(mil_t),Exportacao,Total(mil_t),1,Fev_2013,2013,Fev,815.327
Exportacao.milhoes(dolar),Exportacao,milhoes(dolar),1,Fev_2013,2013,Fev,509.969
Importacao.Total(mil_t),Importacao,Total(mil_t),1,Fev_2013,2013,Fev,294.37100000000004
Importacao.milhoes(dolar),Importacao,milhoes(dolar),1,Fev_2013,2013,Fev,311.089
Exportacao.Total(mil_t),Exportacao,Total(mil_t),1,Mar_2013,2013,Mar,718.571
Exportacao.milhoes(dolar),Exportacao,milhoes(dolar),1,Mar_2013,2013,Mar,474.159
Importacao.Total(mil_t),Importacao,Total(mil_t),1,Mar_2013,2013,Mar,271.355
Importacao.milhoes(dolar),Importacao,milhoes(dolar),1,Mar_2013,2013,Mar,322.156
Exportacao.Total(mil_t),Exportacao,Total(mil_t),2,Abr_2013,2013,Abr,817.359
Exportacao.milhoes(dolar),Exportacao,milhoes(dolar),2,Abr_2013,2013,Abr,539.518
Importacao.Total(mil_t),Importacao,Total(mil_t),2,Abr_2013,2013,Abr,329.8670000000001
Importacao.milhoes(dolar),Importacao,milhoes(dolar),2,Abr_2013,2013,Abr,373.559
Exportacao.Total(mil_t),Exportacao,Total(mil_t),2,Mai_2013,2013,Mai,607.623
Exportacao.milhoes(dolar),Exportacao,milhoes(dolar),2,Mai_2013,2013,Mai,507.626
Importacao.Total(mil_t),Importacao,Total(mil_t),2,Mai_2013,2013,Mai,266.44399999999996
Importacao.milhoes(dolar),Importacao,milhoes(dolar),2,Mai_2013,2013,Mai,342.873
Exportacao.Total(mil_t),Exportacao,Total(mil_t),2,Jun_2013,2013,Jun,542.961
Exportacao.milhoes(dolar),Exportacao,milhoes(dolar),2,Jun_2013,2013,Jun,386.179
Importacao.Total(mil_t),Importacao,Total(mil_t),2,Jun_2013,2013,Jun,240.31400000000002
Importacao.milhoes(dolar),Importacao,milhoes(dolar),2,Jun_2013,2013,Jun,354.886
Exportacao.Total(mil_t),Exportacao,Total(mil_t),3,Jul_2013,2013,Jul,468.416
Exportacao.milhoes(dolar),Exportacao,milhoes(dolar),3,Jul_2013,2013,Jul,345.875
Importacao.Total(mil_t),Importacao,Total(mil_t),3,Jul_2013,2013,Jul,381.91
Importacao.milhoes(dolar),Importacao,milhoes(dolar),3,Jul_2013,2013,Jul,434.529
Exportacao.Total(mil_t),Exportacao,Total(mil_t),3,Ago_2013,2013,Ago,582.2850000000001
Exportacao.milhoes(dolar),Exportacao,milhoes(dolar),3,Ago_2013,2013,Ago,440.298
Importacao.Total(mil_t),Importacao,Total(mil_t),3,Ago_2013,2013,Ago,337.27000000000004
Importacao.milhoes(dolar),Importacao,milhoes(dolar),3,Ago_2013,2013,Ago,391.814
Exportacao.Total(mil_t),Exportacao,Total(mil_t),3,Set_2013,2013,Set,632.6679999999999
Exportacao.milhoes(dolar),Exportacao,milhoes(dolar),3,Set_2013,2013,Set,416.662
Importacao.Total(mil_t),Importacao,Total(mil_t),3,Set_2013,2013,Set,363.97799999999995
Importacao.milhoes(dolar),Importacao,milhoes(dolar),3,Set_2013,2013,Set,368.161
Exportacao.Total(mil_t),Exportacao,Total(mil_t),4,Out_2013,2013,Out,750.7180000000001
Exportacao.milhoes(dolar),Exportacao,milhoes(dolar),4,Out_2013,2013,Out,511.359
Importacao.Total(mil_t),Importacao,Total(mil_t),4,Out_2013,2013,Out,413.392
Importacao.milhoes(dolar),Importacao,milhoes(dolar),4,Out_2013,2013,Out,417.845
Exportacao.Total(mil_t),Exportacao,Total(mil_t),4,Nov_2013,2013,Nov,622.267
Exportacao.milhoes(dolar),Exportacao,milhoes(dolar),4,Nov_2013,2013,Nov,438.381
Importacao.Total(mil_t),Importacao,Total(mil_t),4,Nov_2013,2013,Nov,305.53499999999997
Importacao.milhoes(dolar),Importacao,milhoes(dolar),4,Nov_2013,2013,Nov,336.168
Exportacao.Total(mil_t),Exportacao,Total(mil_t),4,Dez_2013,2013,Dez,599.588
Exportacao.milhoes(dolar),Exportacao,milhoes(dolar),4,Dez_2013,2013,Dez,423.86
Importacao.Total(mil_t),Importacao,Total(mil_t),4,Dez_2013,2013,Dez,220.764
Importacao.milhoes(dolar),Importacao,milhoes(dolar),4,Dez_2013,2013,Dez,258.366
Exportacao.Total(mil_t),Exportacao,Total(mil_t),1,Jan_2014,2014,Jan,804.51
Exportacao.milhoes(dolar),Exportacao,milhoes(dolar),1,Jan_2014,2014,Jan,612.938
Importacao.Total(mil_t),Importacao,Total(mil_t),1,Jan_2014,2014,Jan,311.252
Importacao.milhoes(dolar),Importacao,milhoes(dolar),1,Jan_2014,2014,Jan,349.036
Exportacao.Total(mil_t),Exportacao,Total(mil_t),1,Fev_2014,2014,Fev,627.607
Exportacao.milhoes(dolar),Exportacao,milhoes(dolar),1,Fev_2014,2014,Fev,415.815
Importacao.Total(mil_t),Importacao,Total(mil_t),1,Fev_2014,2014,Fev,250.10500000000002
Importacao.milhoes(dolar),Importacao,milhoes(dolar),1,Fev_2014,2014,Fev,279.096
Exportacao.Total(mil_t),Exportacao,Total(mil_t),1,Mar_2014,2014,Mar,563.427
Exportacao.milhoes(dolar),Exportacao,milhoes(dolar),1,Mar_2014,2014,Mar,422.542
Importacao.Total(mil_t),Importacao,Total(mil_t),1,Mar_2014,2014,Mar,315.45500000000004
Importacao.milhoes(dolar),Importacao,milhoes(dolar),1,Mar_2014,2014,Mar,343.111
Exportacao.Total(mil_t),Exportacao,Total(mil_t),2,Abr_2014,2014,Abr,650.015
Exportacao.milhoes(dolar),Exportacao,milhoes(dolar),2,Abr_2014,2014,Abr,495.299
Importacao.Total(mil_t),Importacao,Total(mil_t),2,Abr_2014,2014,Abr,365.064
Importacao.milhoes(dolar),Importacao,milhoes(dolar),2,Abr_2014,2014,Abr,396.968
Exportacao.Total(mil_t),Exportacao,Total(mil_t),2,Mai_2014,2014,Mai,544.934
Exportacao.milhoes(dolar),Exportacao,milhoes(dolar),2,Mai_2014,2014,Mai,451.62
Importacao.Total(mil_t),Importacao,Total(mil_t),2,Mai_2014,2014,Mai,415.809
Importacao.milhoes(dolar),Importacao,milhoes(dolar),2,Mai_2014,2014,Mai,390.672
Exportacao.Total(mil_t),Exportacao,Total(mil_t),2,Jun_2014,2014,Jun,733.4090000000001
Exportacao.milhoes(dolar),Exportacao,milhoes(dolar),2,Jun_2014,2014,Jun,514.095
Importacao.Total(mil_t),Importacao,Total(mil_t),2,Jun_2014,2014,Jun,325.186
Importacao.milhoes(dolar),Importacao,milhoes(dolar),2,Jun_2014,2014,Jun,330.459
Exportacao.Total(mil_t),Exportacao,Total(mil_t),3,Jul_2014,2014,Jul,900.221
Exportacao.milhoes(dolar),Exportacao,milhoes(dolar),3,Jul_2014,2014,Jul,653.383
Importacao.Total(mil_t),Importacao,Total(mil_t),3,Jul_2014,2014,Jul,408.707
Importacao.milhoes(dolar),Importacao,milhoes(dolar),3,Jul_2014,2014,Jul,396.113
Exportacao.Total(mil_t),Exportacao,Total(mil_t),3,Ago_2014,2014,Ago,775.808
Exportacao.milhoes(dolar),Exportacao,milhoes(dolar),3,Ago_2014,2014,Ago,587.238
Importacao.Total(mil_t),Importacao,Total(mil_t),3,Ago_2014,2014,Ago,373.079
Importacao.milhoes(dolar),Importacao,milhoes(dolar),3,Ago_2014,2014,Ago,367.931
Exportacao.Total(mil_t),Exportacao,Total(mil_t),3,Set_2014,2014,Set,1156.7240000000002
Exportacao.milhoes(dolar),Exportacao,milhoes(dolar),3,Set_2014,2014,Set,714.205
Importacao.Total(mil_t),Importacao,Total(mil_t),3,Set_2014,2014,Set,375.93
Importacao.milhoes(dolar),Importacao,milhoes(dolar),3,Set_2014,2014,Set,370.089
Exportacao.Total(mil_t),Exportacao,Total(mil_t),4,Out_2014,2014,Out,1046.312
Exportacao.milhoes(dolar),Exportacao,milhoes(dolar),4,Out_2014,2014,Out,665.367
Importacao.Total(mil_t),Importacao,Total(mil_t),4,Out_2014,2014,Out,334.221
Importacao.milhoes(dolar),Importacao,milhoes(dolar),4,Out_2014,2014,Out,345.049
Exportacao.Total(mil_t),Exportacao,Total(mil_t),4,Nov_2014,2014,Nov,953.223
Exportacao.milhoes(dolar),Exportacao,milhoes(dolar),4,Nov_2014,2014,Nov,627.543
Importacao.Total(mil_t),Importacao,Total(mil_t),4,Nov_2014,2014,Nov,289.446
Importacao.milhoes(dolar),Importacao,milhoes(dolar),4,Nov_2014,2014,Nov,302.616
Exportacao.Total(mil_t),Exportacao,Total(mil_t),4,Dez_2014,2014,Dez,1024.762
Exportacao.milhoes(dolar),Exportacao,milhoes(dolar),4,Dez_2014,2014,Dez,648.29
Importacao.Total(mil_t),Importacao,Total(mil_t),4,Dez_2014,2014,Dez,213.478
Importacao.milhoes(dolar),Importacao,milhoes(dolar),4,Dez_2014,2014,Dez,237.917
Exportacao.Total(mil_t),Exportacao,Total(mil_t),1,Jan_2015,2015,Jan,1069.0
Exportacao.milhoes(dolar),Exportacao,milhoes(dolar),1,Jan_2015,2015,Jan,681.0
Importacao.Total(mil_t),Importacao,Total(mil_t),1,Jan_2015,2015,Jan,381.0
Importacao.milhoes(dolar),Importacao,milhoes(dolar),1,Jan_2015,2015,Jan,384.0
Exportacao.Total(mil_t),Exportacao,Total(mil_t),1,Fev_2015,2015,Fev,688.0
Exportacao.milhoes(dolar),Exportacao,milhoes(dolar),1,Fev_2015,2015,Fev,411.0
Importacao.Total(mil_t),Importacao,Total(mil_t),1,Fev_2015,2015,Fev,315.0
Importacao.milhoes(dolar),Importacao,milhoes(dolar),1,Fev_2015,2015,Fev,324.0
Exportacao.Total(mil_t),Exportacao,Total(mil_t),1,Mar_2015,2015,Mar,1025.0
Exportacao.milhoes(dolar),Exportacao,milhoes(dolar),1,Mar_2015,2015,Mar,673.0
Importacao.Total(mil_t),Importacao,Total(mil_t),1,Mar_2015,2015,Mar,299.0
Importacao.milhoes(dolar),Importacao,milhoes(dolar),1,Mar_2015,2015,Mar,306.0
Exportacao.Total(mil_t),Exportacao,Total(mil_t),2,Abr_2015,2015,Abr,633.0
Exportacao.milhoes(dolar),Exportacao,milhoes(dolar),2,Abr_2015,2015,Abr,361.0
Importacao.Total(mil_t),Importacao,Total(mil_t),2,Abr_2015,2015,Abr,436.0
Importacao.milhoes(dolar),Importacao,milhoes(dolar),2,Abr_2015,2015,Abr,369.0
Exportacao.Total(mil_t),Exportacao,Total(mil_t),2,Mai_2015,2015,Mai,1101.0
Exportacao.milhoes(dolar),Exportacao,milhoes(dolar),2,Mai_2015,2015,Mai,586.0
Importacao.Total(mil_t),Importacao,Total(mil_t),2,Mai_2015,2015,Mai,307.0
Importacao.milhoes(dolar),Importacao,milhoes(dolar),2,Mai_2015,2015,Mai,283.0
Exportacao.Total(mil_t),Exportacao,Total(mil_t),2,Jun_2015,2015,Jun,1215.0
Exportacao.milhoes(dolar),Exportacao,milhoes(dolar),2,Jun_2015,2015,Jun,571.0
Importacao.Total(mil_t),Importacao,Total(mil_t),2,Jun_2015,2015,Jun,330.0
Importacao.milhoes(dolar),Importacao,milhoes(dolar),2,Jun_2015,2015,Jun,283.0
Exportacao.Total(mil_t),Exportacao,Total(mil_t),3,Jul_2015,2015,Jul,1468.0
Exportacao.milhoes(dolar),Exportacao,milhoes(dolar),3,Jul_2015,2015,Jul,652.0
Importacao.Total(mil_t),Importacao,Total(mil_t),3,Jul_2015,2015,Jul,271.0
Importacao.milhoes(dolar),Importacao,milhoes(dolar),3,Jul_2015,2015,Jul,283.0
Exportacao.Total(mil_t),Exportacao,Total(mil_t),3,Ago_2015,2015,Ago,1294.0
Exportacao.milhoes(dolar),Exportacao,milhoes(dolar),3,Ago_2015,2015,Ago,548.0
Importacao.Total(mil_t),Importacao,Total(mil_t),3,Ago_2015,2015,Ago,204.0
Importacao.milhoes(dolar),Importacao,milhoes(dolar),3,Ago_2015,2015,Ago,202.0
Exportacao.Total(mil_t),Exportacao,Total(mil_t),3,Set_2015,2015,Set,1550.0
Exportacao.milhoes(dolar),Exportacao,milhoes(dolar),3,Set_2015,2015,Set,680.0
Importacao.Total(mil_t),Importacao,Total(mil_t),3,Set_2015,2015,Set,224.0
Importacao.milhoes(dolar),Importacao,milhoes(dolar),3,Set_2015,2015,Set,188.0
Exportacao.Total(mil_t),Exportacao,Total(mil_t),4,Out_2015,2015,Out,1216.0
Exportacao.milhoes(dolar),Exportacao,milhoes(dolar),4,Out_2015,2015,Out,499.0
Importacao.Total(mil_t),Importacao,Total(mil_t),4,Out_2015,2015,Out,192.0
Importacao.milhoes(dolar),Importacao,milhoes(dolar),4,Out_2015,2015,Out,185.0
Exportacao.Total(mil_t),Exportacao,Total(mil_t),4,Nov_2015,2015,Nov,908.0
Exportacao.milhoes(dolar),Exportacao,milhoes(dolar),4,Nov_2015,2015,Nov,377.0
Importacao.Total(mil_t),Importacao,Total(mil_t),4,Nov_2015,2015,Nov,136.0
Importacao.milhoes(dolar),Importacao,milhoes(dolar),4,Nov_2015,2015,Nov,159.0
Exportacao.Total(mil_t),Exportacao,Total(mil_t),4,Dez_2015,2015,Dez,1559.0
Exportacao.milhoes(dolar),Exportacao,milhoes(dolar),4,Dez_2015,2015,Dez,546.0
Importacao.Total(mil_t),Importacao,Total(mil_t),4,Dez_2015,2015,Dez,115.0
Importacao.milhoes(dolar),Importacao,milhoes(dolar),4,Dez_2015,2015,Dez,144.0
Exportacao.Total(mil_t),Exportacao,Total(mil_t),1,Jan_2016,2016,Jan,977.0
Exportacao.milhoes(dolar),Exportacao,milhoes(dolar),1,Jan_2016,2016,Jan,372.0
Importacao.Total(mil_t),Importacao,Total(mil_t),1,Jan_2016,2016,Jan,105.0
Importacao.milhoes(dolar),Importacao,milhoes(dolar),1,Jan_2016,2016,Jan,123.0
Exportacao.Total(mil_t),Exportacao,Total(mil_t),1,Fev_2016,2016,Fev,1065.0
Exportacao.milhoes(dolar),Exportacao,milhoes(dolar),1,Fev_2016,2016,Fev,369.0
Importacao.Total(mil_t),Importacao,Total(mil_t),1,Fev_2016,2016,Fev,88.0
Importacao.milhoes(dolar),Importacao,milhoes(dolar),1,Fev_2016,2016,Fev,106.0
Exportacao.Total(mil_t),Exportacao,Total(mil_t),1,Mar_2016,2016,Mar,1215.0
Exportacao.milhoes(dolar),Exportacao,milhoes(dolar),1,Mar_2016,2016,Mar,448.0
Importacao.Total(mil_t),Importacao,Total(mil_t),1,Mar_2016,2016,Mar,175.0
Importacao.milhoes(dolar),Importacao,milhoes(dolar),1,Mar_2016,2016,Mar,151.0
Exportacao.Total(mil_t),Exportacao,Total(mil_t),2,Abr_2016,2016,Abr,1012.0
Exportacao.milhoes(dolar),Exportacao,milhoes(dolar),2,Abr_2016,2016,Abr,383.0
Importacao.Total(mil_t),Importacao,Total(mil_t),2,Abr_2016,2016,Abr,112.0
Importacao.milhoes(dolar),Importacao,milhoes(dolar),2,Abr_2016,2016,Abr,126.0
Exportacao.Total(mil_t),Exportacao,Total(mil_t),2,Mai_2016,2016,Mai,1202.0
Exportacao.milhoes(dolar),Exportacao,milhoes(dolar),2,Mai_2016,2016,Mai,443.0
Importacao.Total(mil_t),Importacao,Total(mil_t),2,Mai_2016,2016,Mai,169.0
Importacao.milhoes(dolar),Importacao,milhoes(dolar),2,Mai_2016,2016,Mai,155.0
Exportacao.Total(mil_t),Exportacao,Total(mil_t),2,Jun_2016,2016,Jun,1214.0
Exportacao.milhoes(dolar),Exportacao,milhoes(dolar),2,Jun_2016,2016,Jun,534.0
Importacao.Total(mil_t),Importacao,Total(mil_t),2,Jun_2016,2016,Jun,92.0
Importacao.milhoes(dolar),Importacao,milhoes(dolar),2,Jun_2016,2016,Jun,104.0
Exportacao.Total(mil_t),Exportacao,Total(mil_t),3,Jul_2016,2016,Jul,896.0
Exportacao.milhoes(dolar),Exportacao,milhoes(dolar),3,Jul_2016,2016,Jul,403.0
Importacao.Total(mil_t),Importacao,Total(mil_t),3,Jul_2016,2016,Jul,111.0
Importacao.milhoes(dolar),Importacao,milhoes(dolar),3,Jul_2016,2016,Jul,132.0
Exportacao.Total(mil_t),Exportacao,Total(mil_t),3,Ago_2016,2016,Ago,1140.0
Exportacao.milhoes(dolar),Exportacao,milhoes(dolar),3,Ago_2016,2016,Ago,556.0
Importacao.Total(mil_t),Importacao,Total(mil_t),3,Ago_2016,2016,Ago,110.0
Importacao.milhoes(dolar),Importacao,milhoes(dolar),3,Ago_2016,2016,Ago,123.0
Exportacao.Total(mil_t),Exportacao,Total(mil_t),3,Set_2016,2016,Set,1346.0
Exportacao.milhoes(dolar),Exportacao,milhoes(dolar),3,Set_2016,2016,Set,620.0
Importacao.Total(mil_t),Importacao,Total(mil_t),3,Set_2016,2016,Set,206.0
Importacao.milhoes(dolar),Importacao,milhoes(dolar),3,Set_2016,2016,Set,158.0
Exportacao.Total(mil_t),Exportacao,Total(mil_t),4,Out_2016,2016,Out,931.0
Exportacao.milhoes(dolar),Exportacao,milhoes(dolar),4,Out_2016,2016,Out,409.0
Importacao.Total(mil_t),Importacao,Total(mil_t),4,Out_2016,2016,Out,282.0
Importacao.milhoes(dolar),Importacao,milhoes(dolar),4,Out_2016,2016,Out,181.0
Exportacao.Total(mil_t),Exportacao,Total(mil_t),4,Nov_2016,2016,Nov,1139.0
Exportacao.milhoes(dolar),Exportacao,milhoes(dolar),4,Nov_2016,2016,Nov,488.0
Importacao.Total(mil_t),Importacao,Total(mil_t),4,Nov_2016,2016,Nov,228.0
Importacao.milhoes(dolar),Importacao,milhoes(dolar),4,Nov_2016,2016,Nov,172.0
Exportacao.Total(mil_t),Exportacao,Total(mil_t),4,Dez_2016,2016,Dez,1295.0
Exportacao.milhoes(dolar),Exportacao,milhoes(dolar),4,Dez_2016,2016,Dez,569.0
Importacao.Total(mil_t),Importacao,Total(mil_t),4,Dez_2016,2016,Dez,201.0
Importacao.milhoes(dolar),Importacao,milhoes(dolar),4,Dez_2016,2016,Dez,152.0
Exportacao.Total(mil_t),Exportacao,Total(mil_t),1,Jan_2017,2017,Jan,1264.0
Exportacao.milhoes(dolar),Exportacao,milhoes(dolar),1,Jan_2017,2017,Jan,563.0
Importacao.Total(mil_t),Importacao,Total(mil_t),1,Jan_2017,2017,Jan,206.0
Importacao.milhoes(dolar),Importacao,milhoes(dolar),1,Jan_2017,2017,Jan,174.0
Exportacao.Total(mil_t),Exportacao,Total(mil_t),1,Fev_2017,2017,Fev,1174.0
Exportacao.milhoes(dolar),Exportacao,milhoes(dolar),1,Fev_2017,2017,Fev,556.0
Importacao.Total(mil_t),Importacao,Total(mil_t),1,Fev_2017,2017,Fev,161.0
Importacao.milhoes(dolar),Importacao,milhoes(dolar),1,Fev_2017,2017,Fev,132.0
Exportacao.Total(mil_t),Exportacao,Total(mil_t),1,Mar_2017,2017,Mar,1384.0
Exportacao.milhoes(dolar),Exportacao,milhoes(dolar),1,Mar_2017,2017,Mar,731.0
Importacao.Total(mil_t),Importacao,Total(mil_t),1,Mar_2017,2017,Mar,269.0
Importacao.milhoes(dolar),Importacao,milhoes(dolar),1,Mar_2017,2017,Mar,218.0
Exportacao.Total(mil_t),Exportacao,Total(mil_t),2,Abr_2017,2017,Abr,826.0
Exportacao.milhoes(dolar),Exportacao,milhoes(dolar),2,Abr_2017,2017,Abr,457.0
Importacao.Total(mil_t),Importacao,Total(mil_t),2,Abr_2017,2017,Abr,154.0
Importacao.milhoes(dolar),Importacao,milhoes(dolar),2,Abr_2017,2017,Abr,151.0
Exportacao.Total(mil_t),Exportacao,Total(mil_t),2,Mai_2017,2017,Mai,1451.0
Exportacao.milhoes(dolar),Exportacao,milhoes(dolar),2,Mai_2017,2017,Mai,752.0
Importacao.Total(mil_t),Importacao,Total(mil_t),2,Mai_2017,2017,Mai,233.0
Importacao.milhoes(dolar),Importacao,milhoes(dolar),2,Mai_2017,2017,Mai,219.0
Exportacao.Total(mil_t),Exportacao,Total(mil_t),2,Jun_2017,2017,Jun,1201.0
Exportacao.milhoes(dolar),Exportacao,milhoes(dolar),2,Jun_2017,2017,Jun,640.0
Importacao.Total(mil_t),Importacao,Total(mil_t),2,Jun_2017,2017,Jun,192.0
Importacao.milhoes(dolar),Importacao,milhoes(dolar),2,Jun_2017,2017,Jun,185.0
Exportacao.Total(mil_t),Exportacao,Total(mil_t),3,Jul_2017,2017,Jul,1070.0
Exportacao.milhoes(dolar),Exportacao,milhoes(dolar),3,Jul_2017,2017,Jul,553.0
Importacao.Total(mil_t),Importacao,Total(mil_t),3,Jul_2017,2017,Jul,204.0
Importacao.milhoes(dolar),Importacao,milhoes(dolar),3,Jul_2017,2017,Jul,198.0
Exportacao.Total(mil_t),Exportacao,Total(mil_t),3,Ago_2017,2017,Ago,1471.0
Exportacao.milhoes(dolar),Exportacao,milhoes(dolar),3,Ago_2017,2017,Ago,764.0
Importacao.Total(mil_t),Importacao,Total(mil_t),3,Ago_2017,2017,Ago,191.0
Importacao.milhoes(dolar),Importacao,milhoes(dolar),3,Ago_2017,2017,Ago,209.0
Exportacao.Total(mil_t),Exportacao,Total(mil_t),3,Set_2017,2017,Set,1162.0
Exportacao.milhoes(dolar),Exportacao,milhoes(dolar),3,Set_2017,2017,Set,594.0
Importacao.Total(mil_t),Importacao,Total(mil_t),3,Set_2017,2017,Set,221.0
Importacao.milhoes(dolar),Importacao,milhoes(dolar),3,Set_2017,2017,Set,215.0
Exportacao.Total(mil_t),Exportacao,Total(mil_t),4,Out_2017,2017,Out,1565.0
Exportacao.milhoes(dolar),Exportacao,milhoes(dolar),4,Out_2017,2017,Out,814.0
Importacao.Total(mil_t),Importacao,Total(mil_t),4,Out_2017,2017,Out,186.0
Importacao.milhoes(dolar),Importacao,milhoes(dolar),4,Out_2017,2017,Out,186.0
Exportacao.Total(mil_t),Exportacao,Total(mil_t),4,Nov_2017,2017,Nov,1300.0
Exportacao.milhoes(dolar),Exportacao,milhoes(dolar),4,Nov_2017,2017,Nov,757.0
Importacao.Total(mil_t),Importacao,Total(mil_t),4,Nov_2017,2017,Nov,166.0
Importacao.milhoes(dolar),Importacao,milhoes(dolar),4,Nov_2017,2017,Nov,177.0
Exportacao.Total(mil_t),Exportacao,Total(mil_t),4,Dez_2017,2017,Dez,1483.0
Exportacao.milhoes(dolar),Exportacao,milhoes(dolar),4,Dez_2017,2017,Dez,865.0
Importacao.Total(mil_t),Importacao,Total(mil_t),4,Dez_2017,2017,Dez,146.0
Importacao.milhoes(dolar),Importacao,milhoes(dolar),4,Dez_2017,2017,Dez,168.0
Exportacao.Total(mil_t),Exportacao,Total(mil_t),1,Jan_2018,2018,Jan,1352.0
Exportacao.milhoes(dolar),Exportacao,milhoes(dolar),1,Jan_2018,2018,Jan,796.0
Importacao.Total(mil_t),Importacao,Total(mil_t),1,Jan_2018,2018,Jan,217.0
Importacao.milhoes(dolar),Importacao,milhoes(dolar),1,Jan_2018,2018,Jan,241.0
Exportacao.Total(mil_t),Exportacao,Total(mil_t),1,Fev_2018,2018,Fev,1034.0
Exportacao.milhoes(dolar),Exportacao,milhoes(dolar),1,Fev_2018,2018,Fev,604.0
Importacao.Total(mil_t),Importacao,Total(mil_t),1,Fev_2018,2018,Fev,158.0
Importacao.milhoes(dolar),Importacao,milhoes(dolar),1,Fev_2018,2018,Fev,181.0
Exportacao.Total(mil_t),Exportacao,Total(mil_t),1,Mar_2018,2018,Mar,1192.0
Exportacao.milhoes(dolar),Exportacao,milhoes(dolar),1,Mar_2018,2018,Mar,753.0
Importacao.Total(mil_t),Importacao,Total(mil_t),1,Mar_2018,2018,Mar,213.0
Importacao.milhoes(dolar),Importacao,milhoes(dolar),1,Mar_2018,2018,Mar,224.0
Exportacao.Total(mil_t),Exportacao,Total(mil_t),2,Abr_2018,2018,Abr,1098.0
Exportacao.milhoes(dolar),Exportacao,milhoes(dolar),2,Abr_2018,2018,Abr,706.0
Importacao.Total(mil_t),Importacao,Total(mil_t),2,Abr_2018,2018,Abr,202.0
Importacao.milhoes(dolar),Importacao,milhoes(dolar),2,Abr_2018,2018,Abr,226.0
Exportacao.Total(mil_t),Exportacao,Total(mil_t),2,Mai_2018,2018,Mai,753.0
Exportacao.milhoes(dolar),Exportacao,milhoes(dolar),2,Mai_2018,2018,Mai,484.0
Importacao.Total(mil_t),Importacao,Total(mil_t),2,Mai_2018,2018,Mai,242.0
Importacao.milhoes(dolar),Importacao,milhoes(dolar),2,Mai_2018,2018,Mai,233.0
Exportacao.Total(mil_t),Exportacao,Total(mil_t),2,Jun_2018,2018,Jun,1451.0
Exportacao.milhoes(dolar),Exportacao,milhoes(dolar),2,Jun_2018,2018,Jun,949.0
Importacao.Total(mil_t),Importacao,Total(mil_t),2,Jun_2018,2018,Jun,231.0
Importacao.milhoes(dolar),Importacao,milhoes(dolar),2,Jun_2018,2018,Jun,234.0
Exportacao.Total(mil_t),Exportacao,Total(mil_t),3,Jul_2018,2018,Jul,984.0
Exportacao.milhoes(dolar),Exportacao,milhoes(dolar),3,Jul_2018,2018,Jul,627.0
Importacao.Total(mil_t),Importacao,Total(mil_t),3,Jul_2018,2018,Jul,216.0
Importacao.milhoes(dolar),Importacao,milhoes(dolar),3,Jul_2018,2018,Jul,240.0
Exportacao.Total(mil_t),Exportacao,Total(mil_t),3,Ago_2018,2018,Ago,602.0
Exportacao.milhoes(dolar),Exportacao,milhoes(dolar),3,Ago_2018,2018,Ago,488.0
Importacao.Total(mil_t),Importacao,Total(mil_t),3,Ago_2018,2018,Ago,246.0
Importacao.milhoes(dolar),Importacao,milhoes(dolar),3,Ago_2018,2018,Ago,251.0
Exportacao.Total(mil_t),Exportacao,Total(mil_t),3,Set_2018,2018,Set,1055.0
Exportacao.milhoes(dolar),Exportacao,milhoes(dolar),3,Set_2018,2018,Set,704.0
Importacao.Total(mil_t),Importacao,Total(mil_t),3,Set_2018,2018,Set,225.0
Importacao.milhoes(dolar),Importacao,milhoes(dolar),3,Set_2018,2018,Set,231.0
Exportacao.Total(mil_t),Exportacao,Total(mil_t),4,Out_2018,2018,Out,1822.0
Exportacao.milhoes(dolar),Exportacao,milhoes(dolar),4,Out_2018,2018,Out,1177.0
Importacao.Total(mil_t),Importacao,Total(mil_t),4,Out_2018,2018,Out,125.0
Importacao.milhoes(dolar),Importacao,milhoes(dolar),4,Out_2018,2018,Out,178.0
Exportacao.Total(mil_t),Exportacao,Total(mil_t),4,Nov_2018,2018,Nov,1315.0
Exportacao.milhoes(dolar),Exportacao,milhoes(dolar),4,Nov_2018,2018,Nov,843.0
Importacao.Total(mil_t),Importacao,Total(mil_t),4,Nov_2018,2018,Nov,172.0
Importacao.milhoes(dolar),Importacao,milhoes(dolar),4,Nov_2018,2018,Nov,204.0
Exportacao.Total(mil_t),Exportacao,Total(mil_t),4,Dez_2018,2018,Dez,1287.0
Exportacao.milhoes(dolar),Exportacao,milhoes(dolar),4,Dez_2018,2018,Dez,743.0
Importacao.Total(mil_t),Importacao,Total(mil_t),4,Dez_2018,2018,Dez,160.0
Importacao.milhoes(dolar),Importacao,milhoes(dolar),4,Dez_2018,2018,Dez,167.0
Exportacao.Total(mil_t),Exportacao,Total(mil_t),1,Jan_2019,2019,Jan,1583.373
Exportacao.milhoes(dolar),Exportacao,milhoes(dolar),1,Jan_2019,2019,Jan,945.938
Importacao.Total(mil_t),Importacao,Total(mil_t),1,Jan_2019,2019,Jan,176.99499999999998
Importacao.milhoes(dolar),Importacao,milhoes(dolar),1,Jan_2019,2019,Jan,212.029
Exportacao.Total(mil_t),Exportacao,Total(mil_t),1,Fev_2019,2019,Fev,896.697
Exportacao.milhoes(dolar),Exportacao,milhoes(dolar),1,Fev_2019,2019,Fev,544.591
Importacao.Total(mil_t),Importacao,Total(mil_t),1,Fev_2019,2019,Fev,203.575
Importacao.milhoes(dolar),Importacao,milhoes(dolar),1,Fev_2019,2019,Fev,205.436
Exportacao.Total(mil_t),Exportacao,Total(mil_t),1,Mar_2019,2019,Mar,811.44
Exportacao.milhoes(dolar),Exportacao,milhoes(dolar),1,Mar_2019,2019,Mar,463.936
Importacao.Total(mil_t),Importacao,Total(mil_t),1,Mar_2019,2019,Mar,232.662
Importacao.milhoes(dolar),Importacao,milhoes(dolar),1,Mar_2019,2019,Mar,215.534
Exportacao.Total(mil_t),Exportacao,Total(mil_t),2,Abr_2019,2019,Abr,1063.7659999999998
Exportacao.milhoes(dolar),Exportacao,milhoes(dolar),2,Abr_2019,2019,Abr,616.32
Importacao.Total(mil_t),Importacao,Total(mil_t),2,Abr_2019,2019,Abr,244.26299999999998
Importacao.milhoes(dolar),Importacao,milhoes(dolar),2,Abr_2019,2019,Abr,226.883
Exportacao.Total(mil_t),Exportacao,Total(mil_t),2,Mai_2019,2019,Mai,1235.019
Exportacao.milhoes(dolar),Exportacao,milhoes(dolar),2,Mai_2019,2019,Mai,759.757
Importacao.Total(mil_t),Importacao,Total(mil_t),2,Mai_2019,2019,Mai,232.579
Importacao.milhoes(dolar),Importacao,milhoes(dolar),2,Mai_2019,2019,Mai,237.079
Exportacao.Total(mil_t),Exportacao,Total(mil_t),2,Jun_2019,2019,Jun,1099.256
Exportacao.milhoes(dolar),Exportacao,milhoes(dolar),2,Jun_2019,2019,Jun,685.512
Importacao.Total(mil_t),Importacao,Total(mil_t),2,Jun_2019,2019,Jun,167.665
Importacao.milhoes(dolar),Importacao,milhoes(dolar),2,Jun_2019,2019,Jun,180.271
Exportacao.Total(mil_t),Exportacao,Total(mil_t),3,Jul_2019,2019,Jul,999.5999999999999
Exportacao.milhoes(dolar),Exportacao,milhoes(dolar),3,Jul_2019,2019,Jul,582.047
Importacao.Total(mil_t),Importacao,Total(mil_t),3,Jul_2019,2019,Jul,201.16799999999998
Importacao.milhoes(dolar),Importacao,milhoes(dolar),3,Jul_2019,2019,Jul,220.66
Exportacao.Total(mil_t),Exportacao,Total(mil_t),3,Ago_2019,2019,Ago,917.096
Exportacao.milhoes(dolar),Exportacao,milhoes(dolar),3,Ago_2019,2019,Ago,537.597
Importacao.Total(mil_t),Importacao,Total(mil_t),3,Ago_2019,2019,Ago,250.81599999999997
Importacao.milhoes(dolar),Importacao,milhoes(dolar),3,Ago_2019,2019,Ago,231.475
Exportacao.Total(mil_t),Exportacao,Total(mil_t),3,Set_2019,2019,Set,955.5059999999999
Exportacao.milhoes(dolar),Exportacao,milhoes(dolar),3,Set_2019,2019,Set,522.876
Importacao.Total(mil_t),Importacao,Total(mil_t),3,Set_2019,2019,Set,184.447
Importacao.milhoes(dolar),Importacao,milhoes(dolar),3,Set_2019,2019,Set,210.793
Exportacao.Total(mil_t),Exportacao,Total(mil_t),4,Out_2019,2019,Out,1144.431
Exportacao.milhoes(dolar),Exportacao,milhoes(dolar),4,Out_2019,2019,Out,603.985
Importacao.Total(mil_t),Importacao,Total(mil_t),4,Out_2019,2019,Out,209.588
Importacao.milhoes(dolar),Importacao,milhoes(dolar),4,Out_2019,2019,Out,218.645
Exportacao.Total(mil_t),Exportacao,Total(mil_t),4,Nov_2019,2019,Nov,1089.096
Exportacao.milhoes(dolar),Exportacao,milhoes(dolar),4,Nov_2019,2019,Nov,543.473
Importacao.Total(mil_t),Importacao,Total(mil_t),4,Nov_2019,2019,Nov,128.04500000000002
Importacao.milhoes(dolar),Importacao,milhoes(dolar),4,Nov_2019,2019,Nov,156.337
Exportacao.Total(mil_t),Exportacao,Total(mil_t),4,Dez_2019,2019,Dez,1009.5360000000001
Exportacao.milhoes(dolar),Exportacao,milhoes(dolar),4,Dez_2019,2019,Dez,501.933
Importacao.Total(mil_t),Importacao,Total(mil_t),4,Dez_2019,2019,Dez,133.344
Importacao.milhoes(dolar),Importacao,milhoes(dolar),4,Dez_2019,2019,Dez,147.825
Exportacao.Total(mil_t),Exportacao,Total(mil_t),1,Jan_2020,2020,Jan,1107.379
Exportacao.milhoes(dolar),Exportacao,milhoes(dolar),1,Jan_2020,2020,Jan,528.943
Importacao.Total(mil_t),Importacao,Total(mil_t),1,Jan_2020,2020,Jan,227.986
Importacao.milhoes(dolar),Importacao,milhoes(dolar),1,Jan_2020,2020,Jan,228.548
Exportacao.Total(mil_t),Exportacao,Total(mil_t),1,Fev_2020,2020,Fev,749.8230000000001
Exportacao.milhoes(dolar),Exportacao,milhoes(dolar),1,Fev_2020,2020,Fev,385.54
Importacao.Total(mil_t),Importacao,Total(mil_t),1,Fev_2020,2020,Fev,149.397
Importacao.milhoes(dolar),Importacao,milhoes(dolar),1,Fev_2020,2020,Fev,161.795
Exportacao.Total(mil_t),Exportacao,Total(mil_t),1,Mar_2020,2020,Mar,1390.978
Exportacao.milhoes(dolar),Exportacao,milhoes(dolar),1,Mar_2020,2020,Mar,724.126
Importacao.Total(mil_t),Importacao,Total(mil_t),1,Mar_2020,2020,Mar,141.57799999999997
Importacao.milhoes(dolar),Importacao,milhoes(dolar),1,Mar_2020,2020,Mar,173.181
Exportacao.Total(mil_t),Exportacao,Total(mil_t),2,Abr_2020,2020,Abr,882.8820000000001
Exportacao.milhoes(dolar),Exportacao,milhoes(dolar),2,Abr_2020,2020,Abr,481.439
Importacao.Total(mil_t),Importacao,Total(mil_t),2,Abr_2020,2020,Abr,185.745
Importacao.milhoes(dolar),Importacao,milhoes(dolar),2,Abr_2020,2020,Abr,181.931
Exportacao.Total(mil_t),Exportacao,Total(mil_t),2,Mai_2020,2020,Mai,939.89
Exportacao.milhoes(dolar),Exportacao,milhoes(dolar),2,Mai_2020,2020,Mai,463.58
Importacao.Total(mil_t),Importacao,Total(mil_t),2,Mai_2020,2020,Mai,148.924
Importacao.milhoes(dolar),Importacao,milhoes(dolar),2,Mai_2020,2020,Mai,162.71
Exportacao.Total(mil_t),Exportacao,Total(mil_t),2,Jun_2020,2020,Jun,1075.817
Exportacao.milhoes(dolar),Exportacao,milhoes(dolar),2,Jun_2020,2020,Jun,478.601
Importacao.Total(mil_t),Importacao,Total(mil_t),2,Jun_2020,2020,Jun,190.127
Importacao.milhoes(dolar),Importacao,milhoes(dolar),2,Jun_2020,2020,Jun,181.871
Exportacao.Total(mil_t),Exportacao,Total(mil_t),3,Jul_2020,2020,Jul,875.307
Exportacao.milhoes(dolar),Exportacao,milhoes(dolar),3,Jul_2020,2020,Jul,392.279
Importacao.Total(mil_t),Importacao,Total(mil_t),3,Jul_2020,2020,Jul,145.508
Importacao.milhoes(dolar),Importacao,milhoes(dolar),3,Jul_2020,2020,Jul,168.354
Exportacao.Total(mil_t),Exportacao,Total(mil_t),3,Ago_2020,2020,Ago,840.7360000000001
Exportacao.milhoes(dolar),Exportacao,milhoes(dolar),3,Ago_2020,2020,Ago,380.447
Importacao.Total(mil_t),Importacao,Total(mil_t),3,Ago_2020,2020,Ago,129.39399999999998
Importacao.milhoes(dolar),Importacao,milhoes(dolar),3,Ago_2020,2020,Ago,150.392
Exportacao.Total(mil_t),Exportacao,Total(mil_t),3,Set_2020,2020,Set,756.2249999999999
Exportacao.milhoes(dolar),Exportacao,milhoes(dolar),3,Set_2020,2020,Set,379.417
Importacao.Total(mil_t),Importacao,Total(mil_t),3,Set_2020,2020,Set,142.192
Importacao.milhoes(dolar),Importacao,milhoes(dolar),3,Set_2020,2020,Set,170.771
Exportacao.Total(mil_t),Exportacao,Total(mil_t),4,Out_2020,2020,Out,842.296
Exportacao.milhoes(dolar),Exportacao,milhoes(dolar),4,Out_2020,2020,Out,416.419
Importacao.Total(mil_t),Importacao,Total(mil_t),4,Out_2020,2020,Out,162.524
Importacao.milhoes(dolar),Importacao,milhoes(dolar),4,Out_2020,2020,Out,163.881
Exportacao.Total(mil_t),Exportacao,Total(mil_t),4,Nov_2020,2020,Nov,514.38
Exportacao.milhoes(dolar),Exportacao,milhoes(dolar),4,Nov_2020,2020,Nov,298.544
Importacao.Total(mil_t),Importacao,Total(mil_t),4,Nov_2020,2020,Nov,198.828
Importacao.milhoes(dolar),Importacao,milhoes(dolar),4,Nov_2020,2020,Nov,194.721
Exportacao.Total(mil_t),Exportacao,Total(mil_t),4,Dez_2020,2020,Dez,766.327
Exportacao.milhoes(dolar),Exportacao,milhoes(dolar),4,Dez_2020,2020,Dez,434.077
Importacao.Total(mil_t),Importacao,Total(mil_t),4,Dez_2020,2020,Dez,204.06199999999998
Importacao.milhoes(dolar),Importacao,milhoes(dolar),4,Dez_2020,2020,Dez,204.669
Exportacao.Total(mil_t),Exportacao,Total(mil_t),1,Jan_2021,2021,Jan,531.149
Exportacao.milhoes(dolar),Exportacao,milhoes(dolar),1,Jan_2021,2021,Jan,314.156
Importacao.Total(mil_t),Importacao,Total(mil_t),1,Jan_2021,2021,Jan,324.474
Importacao.milhoes(dolar),Importacao,milhoes(dolar),1,Jan_2021,2021,Jan,288.068
Exportacao.Total(mil_t),Exportacao,Total(mil_t),1,Fev_2021,2021,Fev,765.572
Exportacao.milhoes(dolar),Exportacao,milhoes(dolar),1,Fev_2021,2021,Fev,522.292
Importacao.Total(mil_t),Importacao,Total(mil_t),1,Fev_2021,2021,Fev,333.87
Importacao.milhoes(dolar),Importacao,milhoes(dolar),1,Fev_2021,2021,Fev,293.092
